{
  "hash": "519b4fe9",
  "configHash": "83f1abd6",
  "lockfileHash": "2695989e",
  "browserHash": "8a87e8b0",
  "optimized": {
    "@angular/common": {
      "src": "../../../../../../node_modules/@angular/common/fesm2022/common.mjs",
      "file": "@angular_common.js",
      "fileHash": "cf74a19a",
      "needsInterop": false
    },
    "@angular/common/http": {
      "src": "../../../../../../node_modules/@angular/common/fesm2022/http.mjs",
      "file": "@angular_common_http.js",
      "fileHash": "5d60d86d",
      "needsInterop": false
    },
    "@angular/core": {
      "src": "../../../../../../node_modules/@angular/core/fesm2022/core.mjs",
      "file": "@angular_core.js",
      "fileHash": "89b174cb",
      "needsInterop": false
    },
    "@angular/forms": {
      "src": "../../../../../../node_modules/@angular/forms/fesm2022/forms.mjs",
      "file": "@angular_forms.js",
      "fileHash": "eafb4861",
      "needsInterop": false
    },
    "@angular/platform-browser": {
      "src": "../../../../../../node_modules/@angular/platform-browser/fesm2022/platform-browser.mjs",
      "file": "@angular_platform-browser.js",
      "fileHash": "856b7a0d",
      "needsInterop": false
    },
    "@angular/router": {
      "src": "../../../../../../node_modules/@angular/router/fesm2022/router.mjs",
      "file": "@angular_router.js",
      "fileHash": "2d70fb20",
      "needsInterop": false
    },
    "rxjs": {
      "src": "../../../../../../node_modules/rxjs/dist/esm5/index.js",
      "file": "rxjs.js",
      "fileHash": "cfa1bd47",
      "needsInterop": false
    },
    "rxjs/operators": {
      "src": "../../../../../../node_modules/rxjs/dist/esm5/operators/index.js",
      "file": "rxjs_operators.js",
      "fileHash": "ce297f7c",
      "needsInterop": false
    }
  },
  "chunks": {
    "chunk-JCAJPOTF": {
      "file": "chunk-JCAJPOTF.js"
    },
    "chunk-PX3PPGQF": {
      "file": "chunk-PX3PPGQF.js"
    },
    "chunk-HKYB5JDZ": {
      "file": "chunk-HKYB5JDZ.js"
    },
    "chunk-7DPHYZ4E": {
      "file": "chunk-7DPHYZ4E.js"
    },
    "chunk-4KDXU5ZC": {
      "file": "chunk-4KDXU5ZC.js"
    },
    "chunk-IKX262OU": {
      "file": "chunk-IKX262OU.js"
    },
    "chunk-XJKZMRTN": {
      "file": "chunk-XJKZMRTN.js"
    },
    "chunk-NT3G5BIU": {
      "file": "chunk-NT3G5BIU.js"
    }
  }
}